nct_id,title,url,condition,summary,source,crawl_query,body
NCT01663246,Cross-Sectional Study of Oral Health in Patients After Parotid-Sparing Radiation Therapy for Head and Neck Cancer,https://clinicaltrials.gov/study/NCT01663246,Head and Neck Cancer,"The investigators are conducting research about oral health and saliva to find out more about the impact of radiation therapy on the oral health of patients.

In order to better understand the role of saliva in maintaining oral health in these patients, the investigators will be collecting, storing, and analyzing the quality of saliva, including the protein content, collected from patients following radiation therapy as well as saliva collected from normal healthy adults.",ClinicalTrials.gov,cancer,"Cross-Sectional Study of Oral Health in Patients After Parotid-Sparing Radiation Therapy for Head and Neck Cancer. Conditions: Head and Neck Cancer. The investigators are conducting research about oral health and saliva to find out more about the impact of radiation therapy on the oral health of patients.

In order to better understand the role of saliva in maintaining oral health in these patients, the investigators will be collecting, storing, and analyzing the quality of saliva, including the protein content, collected from patients following radiation therapy as well as saliva collected from normal healthy adults."
NCT04267146,Nivolumab in Combination With Temozolomide and Radiotherapy in Children and Adolescents With Newly Diagnosed High-grade Glioma,https://clinicaltrials.gov/study/NCT04267146,High Grade Glioma,"Multicenter, open label, prospective study including successively a phase I trial and then a phase II trial Phase I : Open label, non-randomized, safety run study in nine patients. In case of safety issue a -1 dose level will be tested.

Phase II : Open label, non randomized, efficacy study of nivolumab in addition to radiotherapy and temozolomide. This phase will start when the RP2D has been defined after the last patients evaluable for DLT achieved the first 6 weeks of treatment (the radio-chemotherapy period) with a DLT rate below 30% during the the phase I study.",ClinicalTrials.gov,cancer,"Nivolumab in Combination With Temozolomide and Radiotherapy in Children and Adolescents With Newly Diagnosed High-grade Glioma. Conditions: High Grade Glioma. Multicenter, open label, prospective study including successively a phase I trial and then a phase II trial Phase I : Open label, non-randomized, safety run study in nine patients. In case of safety issue a -1 dose level will be tested.

Phase II : Open label, non randomized, efficacy study of nivolumab in addition to radiotherapy and temozolomide. This phase will start when the RP2D has been defined after the last patients evaluable for DLT achieved the first 6 weeks of treatment (the radio-chemotherapy period) with a DLT rate below 30% during the the phase I study."
NCT00456846,First Line Therapy for Patients With Metastatic Breast Cancer,https://clinicaltrials.gov/study/NCT00456846,Metastatic Breast Cancer,The purpose of this study is to determine the toxicity and anti-tumor activity of nab-paclitaxel 100mg/m\^2 administered weekly in a 4-week cycle as first line therapy to patients with metastatic breast cancer who received taxanes as part of their adjuvant therapy and patients who did not receive taxanes as part of their adjuvant therapy.,ClinicalTrials.gov,cancer,First Line Therapy for Patients With Metastatic Breast Cancer. Conditions: Metastatic Breast Cancer. The purpose of this study is to determine the toxicity and anti-tumor activity of nab-paclitaxel 100mg/m\^2 administered weekly in a 4-week cycle as first line therapy to patients with metastatic breast cancer who received taxanes as part of their adjuvant therapy and patients who did not receive taxanes as part of their adjuvant therapy.
NCT00003627,Radiation Therapy With or Without Combination Chemotherapy in Treating Patients With Advanced Cancer of the Oropharynx or Hypopharynx,https://clinicaltrials.gov/study/NCT00003627,Head and Neck Cancer,"RATIONALE: Radiation therapy uses high-energy x-rays to damage tumor cells. Drugs used in chemotherapy use different ways to stop tumor cells from dividing so they stop growing or die. Combining chemotherapy with radiation therapy may kill more tumor cells and allow doctors to preserve the part of the body where the cancer started. It is not yet known whether radiation therapy with combination chemotherapy is more effective than radiation therapy alone in treating cancer of the oropharynx or hypopharynx that cannot be surgically removed.

PURPOSE: Randomized phase III trial to compare the effectiveness of radiation therapy plus cisplatin and fluorouracil with radiation therapy alone in treating patients who have advanced cancer of the oropharynx or hypopharynx that cannot be surgically removed.",ClinicalTrials.gov,cancer,"Radiation Therapy With or Without Combination Chemotherapy in Treating Patients With Advanced Cancer of the Oropharynx or Hypopharynx. Conditions: Head and Neck Cancer. RATIONALE: Radiation therapy uses high-energy x-rays to damage tumor cells. Drugs used in chemotherapy use different ways to stop tumor cells from dividing so they stop growing or die. Combining chemotherapy with radiation therapy may kill more tumor cells and allow doctors to preserve the part of the body where the cancer started. It is not yet known whether radiation therapy with combination chemotherapy is more effective than radiation therapy alone in treating cancer of the oropharynx or hypopharynx that cannot be surgically removed.

PURPOSE: Randomized phase III trial to compare the effectiveness of radiation therapy plus cisplatin and fluorouracil with radiation therapy alone in treating patients who have advanced cancer of the oropharynx or hypopharynx that cannot be surgically removed."
NCT04941027,Evaluating Genetic Modifiers of Cutaneous Neurofibromas in Adults With Neurofibromatosis Type 1,https://clinicaltrials.gov/study/NCT04941027,Neurofibromatosis 1,The main goal of this protocol is to develop a well-phenotyped genetic biobank to identify genetic variants associated with the heterogeneous clinical presentations of Neurofibromatosis Type 1 (NF1). This will allow for improve understanding of NF1 pathogenesis and more personalized disease management. The investigators will conduct a GWAS analysis to identify common genetic risk variants associated with the development of cutaneous neurofibromas.,ClinicalTrials.gov,cancer,Evaluating Genetic Modifiers of Cutaneous Neurofibromas in Adults With Neurofibromatosis Type 1. Conditions: Neurofibromatosis 1. The main goal of this protocol is to develop a well-phenotyped genetic biobank to identify genetic variants associated with the heterogeneous clinical presentations of Neurofibromatosis Type 1 (NF1). This will allow for improve understanding of NF1 pathogenesis and more personalized disease management. The investigators will conduct a GWAS analysis to identify common genetic risk variants associated with the development of cutaneous neurofibromas.
NCT04890327,Web-based Family History Tool,https://clinicaltrials.gov/study/NCT04890327,Gynecologic Cancer; Breast Cancer; BRCA1 Mutation; BRCA2 Mutation,"The purpose of this pilot study is to determine if a web-based tool that collects family health history is useful for patients being seen in a gynecologic oncology office setting. This research study is being done because collecting a comprehensive family health history is critical as it allows physicians to appropriately refer patients for genetic counseling and genetic testing. However, prior research indicates that the family health history collected in clinical settings is often inadequate to truly assess the risk of genetic disease. Therefore we plan to explore a web-based program that guides patients through the collection of their family health history and uses this information to create clear concise pedigrees (family tree information) and risk assessment models that can be used by a physician during the office visit.",ClinicalTrials.gov,cancer,"Web-based Family History Tool. Conditions: Gynecologic Cancer; Breast Cancer; BRCA1 Mutation; BRCA2 Mutation. The purpose of this pilot study is to determine if a web-based tool that collects family health history is useful for patients being seen in a gynecologic oncology office setting. This research study is being done because collecting a comprehensive family health history is critical as it allows physicians to appropriately refer patients for genetic counseling and genetic testing. However, prior research indicates that the family health history collected in clinical settings is often inadequate to truly assess the risk of genetic disease. Therefore we plan to explore a web-based program that guides patients through the collection of their family health history and uses this information to create clear concise pedigrees (family tree information) and risk assessment models that can be used by a physician during the office visit."
NCT06897527,A Study to Evaluate the Safety of Dostarlimab in Adult Participants in India With Recurrent or Advanced Endometrial Cancer (EC),https://clinicaltrials.gov/study/NCT06897527,"Neoplasms, Endometrial",The goal of this study is to evaluate the safety profile of dostarlimab in Indian adults with recurrent or advanced endometrial cancer.,ClinicalTrials.gov,cancer,"A Study to Evaluate the Safety of Dostarlimab in Adult Participants in India With Recurrent or Advanced Endometrial Cancer (EC). Conditions: Neoplasms, Endometrial. The goal of this study is to evaluate the safety profile of dostarlimab in Indian adults with recurrent or advanced endometrial cancer."
NCT06914427,PET/CT Imaging Study With Simultaneous Dual-nuclide Imaging Technique,https://clinicaltrials.gov/study/NCT06914427,Prostatic Neoplasms; Glioma; PARKINSON DISEASE (Disorder),"This is a study using a parallel control approach and is expected to recruit 35 volunteers, including 8 prostate cancer patients, 8 neuroendocrine tumour patients, 8 glioma patients, 8 Parkinson's syndrome patients, and 3 normal volunteers, to undergo dual-nuclide PET/CT imaging and to validate the isolation effect and quantitative accuracy of simultaneous dual-nuclide imaging in humans.",ClinicalTrials.gov,cancer,"PET/CT Imaging Study With Simultaneous Dual-nuclide Imaging Technique. Conditions: Prostatic Neoplasms; Glioma; PARKINSON DISEASE (Disorder). This is a study using a parallel control approach and is expected to recruit 35 volunteers, including 8 prostate cancer patients, 8 neuroendocrine tumour patients, 8 glioma patients, 8 Parkinson's syndrome patients, and 3 normal volunteers, to undergo dual-nuclide PET/CT imaging and to validate the isolation effect and quantitative accuracy of simultaneous dual-nuclide imaging in humans."
NCT06150027,Efficacy of a Systematic Referral to Palliative Care of Patients Who Need for Palliative Care During an Unscheduled Visit in Comprehensive Anticancer Centers,https://clinicaltrials.gov/study/NCT06150027,Cancer; Emergencies,"This is a randomized, multicenter, prospective, phase III study conducted in daily emergency rooms of French Regional Comprehensive Cancer Centers.

In the standard arm, patients will be managed regardless of their PALLIA-10 score, following conventional strategy. In the experimental arm, patients will be systematically referred to a palliative care team.",ClinicalTrials.gov,cancer,"Efficacy of a Systematic Referral to Palliative Care of Patients Who Need for Palliative Care During an Unscheduled Visit in Comprehensive Anticancer Centers. Conditions: Cancer; Emergencies. This is a randomized, multicenter, prospective, phase III study conducted in daily emergency rooms of French Regional Comprehensive Cancer Centers.

In the standard arm, patients will be managed regardless of their PALLIA-10 score, following conventional strategy. In the experimental arm, patients will be systematically referred to a palliative care team."
NCT00005027,Rebeccamycin Analog in Treating Patients With Advanced Kidney Cancer,https://clinicaltrials.gov/study/NCT00005027,Kidney Cancer,"RATIONALE: Drugs used in chemotherapy use different ways to stop tumor cells from dividing so they stop growing or die.

PURPOSE: Phase II trial to study the effectiveness of rebeccamycin analog in treating patients who have advanced kidney cancer.",ClinicalTrials.gov,cancer,"Rebeccamycin Analog in Treating Patients With Advanced Kidney Cancer. Conditions: Kidney Cancer. RATIONALE: Drugs used in chemotherapy use different ways to stop tumor cells from dividing so they stop growing or die.

PURPOSE: Phase II trial to study the effectiveness of rebeccamycin analog in treating patients who have advanced kidney cancer."
NCT03470961,Observational Study to Evaluate the Safety and Efficacy of Polyclonal Antibodies in Simultaneous Pancreas Kidney Transplant Recipients,https://clinicaltrials.gov/study/NCT03470961,CKD (Chronic Kidney Disease) Stage 5T; Diabetes Mellitus; Simultaneous Pancreas Kidney Transplantation,"A single-centre, prospective, observational study to evaluate the safety and efficacy of Polyclonal Antibodies in simultaneous Pancreas Kidney Transplant recipients.",ClinicalTrials.gov,diabetes,"Observational Study to Evaluate the Safety and Efficacy of Polyclonal Antibodies in Simultaneous Pancreas Kidney Transplant Recipients. Conditions: CKD (Chronic Kidney Disease) Stage 5T; Diabetes Mellitus; Simultaneous Pancreas Kidney Transplantation. A single-centre, prospective, observational study to evaluate the safety and efficacy of Polyclonal Antibodies in simultaneous Pancreas Kidney Transplant recipients."
NCT04568486,Social Support Intervention for Older Adults With T2DM,https://clinicaltrials.gov/study/NCT04568486,Type 2 Diabetes,"This study seeks to describe and evaluate the impact of social support on self-care and clinical outcomes in rural-dwelling older adults with T2DM, test the feasibility and preliminary effectiveness of a 6-week intervention administered by community health workers targeting rural dwelling older adults with T2DM (seed) and an individual within their social support network (alter).",ClinicalTrials.gov,diabetes,"Social Support Intervention for Older Adults With T2DM. Conditions: Type 2 Diabetes. This study seeks to describe and evaluate the impact of social support on self-care and clinical outcomes in rural-dwelling older adults with T2DM, test the feasibility and preliminary effectiveness of a 6-week intervention administered by community health workers targeting rural dwelling older adults with T2DM (seed) and an individual within their social support network (alter)."
NCT05265741,Gestational Diabetes Mellitus (GDM) in Pregnant Women,https://clinicaltrials.gov/study/NCT05265741,Gestational Diabetes Mellitus; Pregnancy Complications,The purpose of the trial is to discover and predict the development of GDM of pregnant women in their first trimester.,ClinicalTrials.gov,diabetes,Gestational Diabetes Mellitus (GDM) in Pregnant Women. Conditions: Gestational Diabetes Mellitus; Pregnancy Complications. The purpose of the trial is to discover and predict the development of GDM of pregnant women in their first trimester.
NCT05764629,An Observational Study on Post-chronic Pancreatitis Diabetes Mellitus,https://clinicaltrials.gov/study/NCT05764629,Chronic Pancreatitis; Diabetes Mellitus,"To explore the risk factors influencing glycemic status, optimized treatment, and prognosis of post-chronic pancreatitis diabetes mellitus (PPDM-C).",ClinicalTrials.gov,diabetes,"An Observational Study on Post-chronic Pancreatitis Diabetes Mellitus. Conditions: Chronic Pancreatitis; Diabetes Mellitus. To explore the risk factors influencing glycemic status, optimized treatment, and prognosis of post-chronic pancreatitis diabetes mellitus (PPDM-C)."
NCT06709729,Switch of AndroidAPS to Commercially Available AID Systems,https://clinicaltrials.gov/study/NCT06709729,"Diabetes Mellitus, Type 1",The aim of the study was to investigate the switch between open-source automated insulin delivery system (OS-AID) - AndroidAPS (AAPS) and commercially available AID systems - Control-IQ (CIQ) and MiniMed 780G (780G) in extended follow-up study.,ClinicalTrials.gov,diabetes,"Switch of AndroidAPS to Commercially Available AID Systems. Conditions: Diabetes Mellitus, Type 1. The aim of the study was to investigate the switch between open-source automated insulin delivery system (OS-AID) - AndroidAPS (AAPS) and commercially available AID systems - Control-IQ (CIQ) and MiniMed 780G (780G) in extended follow-up study."
NCT05235672,Detection of LADA in a Hospital in the Mexican Southeast,https://clinicaltrials.gov/study/NCT05235672,Latent Autoimmune Diabetes,"Patients with Latent Autoimmune Diabetes in Adults (LADA) show autoantibodies that indicate an autoimmune pathogenesis. Glutamic acid decarboxylase autoantibodies (GADA) are most prevalent islet autoantibodies in European patients with LADA. In this sense, it is considered that it is sufficient to determine GADA to identify subjects with LADA from patients with T2D for research purposes. Therefore, the aim was to investigated the presence of GADA in serum of subjects with T2D and its relationship with clinical criteria, metabolic control, drug treatment, and diabetes complications to identify possible patients with LADA in a hospital in southeastern Mexico is worthwhile.

The sample was recruited at the Diabetes Clinic of the Regional Hospital of High Specialty ""Dr. Gustavo A. Rovirosa Pérez"", in the period from January 2020 to May 2021. The diagnosis was based in accordance with World Health Organization (WHO, 1999) criteria. Inclusion criteria: 1) patients previously diagnosed with T2D, 2) absence of insulin requirement for at least 6 months after diagnosis, 3) \> 30 and \< 50 years old at diabetes diagnosis, 4) BMI \< 40 kg/m2, 5) subjects who agreed to participate in the study and signed the informed consent before the interview.

Serum GADA and other biochemical concentrations were determined by an enzymatic immunoassay method (Human Anti-Glutamic Acid Decarboxylase ELISA Kit; MyBioSource).",ClinicalTrials.gov,diabetes,"Detection of LADA in a Hospital in the Mexican Southeast. Conditions: Latent Autoimmune Diabetes. Patients with Latent Autoimmune Diabetes in Adults (LADA) show autoantibodies that indicate an autoimmune pathogenesis. Glutamic acid decarboxylase autoantibodies (GADA) are most prevalent islet autoantibodies in European patients with LADA. In this sense, it is considered that it is sufficient to determine GADA to identify subjects with LADA from patients with T2D for research purposes. Therefore, the aim was to investigated the presence of GADA in serum of subjects with T2D and its relationship with clinical criteria, metabolic control, drug treatment, and diabetes complications to identify possible patients with LADA in a hospital in southeastern Mexico is worthwhile.

The sample was recruited at the Diabetes Clinic of the Regional Hospital of High Specialty ""Dr. Gustavo A. Rovirosa Pérez"", in the period from January 2020 to May 2021. The diagnosis was based in accordance with World Health Organization (WHO, 1999) criteria. Inclusion criteria: 1) patients previously diagnosed with T2D, 2) absence of insulin requirement for at least 6 months after diagnosis, 3) \> 30 and \< 50 years old at diabetes diagnosis, 4) BMI \< 40 kg/m2, 5) subjects who agreed to participate in the study and signed the informed consent before the interview.

Serum GADA and other biochemical concentrations were determined by an enzymatic immunoassay method (Human Anti-Glutamic Acid Decarboxylase ELISA Kit; MyBioSource)."
NCT06820775,EFFECTIVENESS OF A TRIPLE NUTRITIONAL INTERVENTION AND PHYSICAL IN PREDIABETIC PATIENRS,https://clinicaltrials.gov/study/NCT06820775,Diabetes,"Diabetes represents a substantial burden on health care systems. People with prediabetes IGT (impaired glucose tolerance) or IFG (impaired fasting glucose) are at high risk of developing diabetes, and up to 50% progress to diabetes within 5 years.

OBJECTIVE: To evaluate the effectiveness of a triple intervention (physical activity and ordered healthy diet) to improve glycosylated hemoglobin control in prediabetic patients.

MATERIAL AND METHODOLOGY: Randomized, open, controlled clinical trial with routine clinical practice (health advice for physical activity and healthy diet). Study population: obese or overweight patients of the OSI Araba aged 35-70 years who are in the contemplation stage.

Response assessment: Primary variable: glycosylated hemoglobin; Secondary variables: Body Mass Index (BMI) (kg/cm2); blood pressure (mm Hg); satisfaction questionnaire score; physical exercise index (IPAQ) (METs). Statistical analysis: The analysis of the main variable (change in HbA1c at 6 months between both groups) will be assessed by analysis of covariance, ANCOVA, adjusting for baseline HbA1c. Sample size: 41 patients per arm (+30% to cover losses to follow-up).",ClinicalTrials.gov,diabetes,"EFFECTIVENESS OF A TRIPLE NUTRITIONAL INTERVENTION AND PHYSICAL IN PREDIABETIC PATIENRS. Conditions: Diabetes. Diabetes represents a substantial burden on health care systems. People with prediabetes IGT (impaired glucose tolerance) or IFG (impaired fasting glucose) are at high risk of developing diabetes, and up to 50% progress to diabetes within 5 years.

OBJECTIVE: To evaluate the effectiveness of a triple intervention (physical activity and ordered healthy diet) to improve glycosylated hemoglobin control in prediabetic patients.

MATERIAL AND METHODOLOGY: Randomized, open, controlled clinical trial with routine clinical practice (health advice for physical activity and healthy diet). Study population: obese or overweight patients of the OSI Araba aged 35-70 years who are in the contemplation stage.

Response assessment: Primary variable: glycosylated hemoglobin; Secondary variables: Body Mass Index (BMI) (kg/cm2); blood pressure (mm Hg); satisfaction questionnaire score; physical exercise index (IPAQ) (METs). Statistical analysis: The analysis of the main variable (change in HbA1c at 6 months between both groups) will be assessed by analysis of covariance, ANCOVA, adjusting for baseline HbA1c. Sample size: 41 patients per arm (+30% to cover losses to follow-up)."
NCT00730275,"A Study to Assess the Pharmacokinetics, Safety and Tolerability of Sitagliptin in Adolescents (0431-081)",https://clinicaltrials.gov/study/NCT00730275,Type 2 Diabetes,"This study will assess the safety, tolerability and pharmacokinetics of sitagliptin in 10 to 17 year old diabetic patients.",ClinicalTrials.gov,diabetes,"A Study to Assess the Pharmacokinetics, Safety and Tolerability of Sitagliptin in Adolescents (0431-081). Conditions: Type 2 Diabetes. This study will assess the safety, tolerability and pharmacokinetics of sitagliptin in 10 to 17 year old diabetic patients."
NCT07049601,THE Effect of Tight Glycemic Control on Microvascular Complications in Type 2 Diabetes Mellitus,https://clinicaltrials.gov/study/NCT07049601,Diabetes Mellitus,"The goal of this clinical trial is to learn the impact of tight versus less tight glycemic control on microvascular complications among Egyptian adults with uncontrolled T2DM. The main question it aims to answer is:

Does tight glycemic control improve or worsens microvascular complications of diabetes compared to less tight glycemic control?

Participants will:

* Be divided to two groups according to their HbA1c group A tight glycemic control and less tight glycemic control.
* Be followed for 6 months with clinical, laboratory, and fundoscopic evaluations performed at baseline and endpoint.",ClinicalTrials.gov,diabetes,"THE Effect of Tight Glycemic Control on Microvascular Complications in Type 2 Diabetes Mellitus. Conditions: Diabetes Mellitus. The goal of this clinical trial is to learn the impact of tight versus less tight glycemic control on microvascular complications among Egyptian adults with uncontrolled T2DM. The main question it aims to answer is:

Does tight glycemic control improve or worsens microvascular complications of diabetes compared to less tight glycemic control?

Participants will:

* Be divided to two groups according to their HbA1c group A tight glycemic control and less tight glycemic control.
* Be followed for 6 months with clinical, laboratory, and fundoscopic evaluations performed at baseline and endpoint."
NCT02229227,Safety and Efficacy of Albiglutide + Insulin Glargine Versus Insulin Lispro + Insulin Glargine Subjects With Type 2 Diabetes Mellitus,https://clinicaltrials.gov/study/NCT02229227,"Diabetes Mellitus, Type 2","This Phase IIIb, randomized, open-label, parallel group, active control, multicenter, treat to-target study of 26 weeks' treatment duration will evaluate the efficacy and safety of once-weekly albiglutide as replacement of prandial insulin in subjects with type 2 diabetes mellitus (T2DM) failing to achieve adequate glycemic control on their current basal bolus insulin regimen (with or without metformin). Approximately 794 subjects will be randomly assigned in a 1:1 ratio to 1 of 2 treatment groups: albiglutide + insulin glargine (with insulin lispro discontinuation at Week 4) (with or without metformin) or to intensification of insulin glargine + insulin lispro (with or without metformin). The study will comprise 4 study periods : Screening (2 weeks), Standardization (4 weeks), Treatment (26 weeks), and Post treatment Follow up (4 weeks). The total duration of a subject's participation will be approximately 36 weeks.",ClinicalTrials.gov,diabetes,"Safety and Efficacy of Albiglutide + Insulin Glargine Versus Insulin Lispro + Insulin Glargine Subjects With Type 2 Diabetes Mellitus. Conditions: Diabetes Mellitus, Type 2. This Phase IIIb, randomized, open-label, parallel group, active control, multicenter, treat to-target study of 26 weeks' treatment duration will evaluate the efficacy and safety of once-weekly albiglutide as replacement of prandial insulin in subjects with type 2 diabetes mellitus (T2DM) failing to achieve adequate glycemic control on their current basal bolus insulin regimen (with or without metformin). Approximately 794 subjects will be randomly assigned in a 1:1 ratio to 1 of 2 treatment groups: albiglutide + insulin glargine (with insulin lispro discontinuation at Week 4) (with or without metformin) or to intensification of insulin glargine + insulin lispro (with or without metformin). The study will comprise 4 study periods : Screening (2 weeks), Standardization (4 weeks), Treatment (26 weeks), and Post treatment Follow up (4 weeks). The total duration of a subject's participation will be approximately 36 weeks."
NCT00596661,The TRIMAXX Coronary Stent Trial,https://clinicaltrials.gov/study/NCT00596661,Coronary Artery Disease,The primary objective of the trial is to demonstrate the safety and feasibility of treating coronary artery lesions which have not been previously treated with the TRIMAXX Coronary stent system as compared to the reported results for commercially available non-drug eluting coronary stent systems which are indicated for the same treatments.,ClinicalTrials.gov,cardiovascular disease,The TRIMAXX Coronary Stent Trial. Conditions: Coronary Artery Disease. The primary objective of the trial is to demonstrate the safety and feasibility of treating coronary artery lesions which have not been previously treated with the TRIMAXX Coronary stent system as compared to the reported results for commercially available non-drug eluting coronary stent systems which are indicated for the same treatments.
NCT01994161,Clinical Registration Trial of Intracranial Stenting for Patients With Symptomatic Intracranial Artery Stenosis(CRTICAS),https://clinicaltrials.gov/study/NCT01994161,Ischemic Stroke,"This trial is an prospective, government-funded registration study that will observe the safety and effectiveness of intracranial stenting for preventing stroke during a mean follow-up of 12 months in patients with symptomatic stenosis of a major intracranial artery (MCA, carotid, vertebral, basilar). This trial will be launched by Xuanwu Hospital, Capital University of Medical Science, with 20 collaborators participating. Enrollment will begin in 2013, and it aims to have a sample size of 840 subjects in 2 years. The trial is scheduled to complete in 2015.

As we know, SAMMPRIS is flawed with defect in design, heterogeneity in experience and credentials of operators and high rate of complication; Whether the interventional therapy for symtomatic intracranial artery stenosis is effective or not remained resolved. This trial has been modified based on SAMMPRIS in order to acquire the data for China: Technique, experience, and credential of the operators are closely related with perioperative complications in PTAS. The investigators select 50 large-scale medical centers for participation on the basis of geographical distribution. All the participants are ranked as top in China. They have the most experienced surgeons or interventionist in China, and are fully qualified for this trial. This will guarantee the success and safety of technique, maintain the continuity of operator's experience, and make the complication rate as low as possible.",ClinicalTrials.gov,cardiovascular disease,"Clinical Registration Trial of Intracranial Stenting for Patients With Symptomatic Intracranial Artery Stenosis(CRTICAS). Conditions: Ischemic Stroke. This trial is an prospective, government-funded registration study that will observe the safety and effectiveness of intracranial stenting for preventing stroke during a mean follow-up of 12 months in patients with symptomatic stenosis of a major intracranial artery (MCA, carotid, vertebral, basilar). This trial will be launched by Xuanwu Hospital, Capital University of Medical Science, with 20 collaborators participating. Enrollment will begin in 2013, and it aims to have a sample size of 840 subjects in 2 years. The trial is scheduled to complete in 2015.

As we know, SAMMPRIS is flawed with defect in design, heterogeneity in experience and credentials of operators and high rate of complication; Whether the interventional therapy for symtomatic intracranial artery stenosis is effective or not remained resolved. This trial has been modified based on SAMMPRIS in order to acquire the data for China: Technique, experience, and credential of the operators are closely related with perioperative complications in PTAS. The investigators select 50 large-scale medical centers for participation on the basis of geographical distribution. All the participants are ranked as top in China. They have the most experienced surgeons or interventionist in China, and are fully qualified for this trial. This will guarantee the success and safety of technique, maintain the continuity of operator's experience, and make the complication rate as low as possible."
NCT01328470,Effect of Platelet Inhibition According to Clopidogrel Dose in Patients With Chronic Kidney Disease,https://clinicaltrials.gov/study/NCT01328470,Chronic Kidney Disease; Stable Angina,Impaired renal function is associated with reduced responsiveness to clopidogrel. There are no studies which have shown a means by which to overcome platelet hyporesponsiveness in patients with chronic kidney disease (CKD). The purpose of this study was to determine the functional impact of cilostazol in patients with CKD undergoing hemodialysis.,ClinicalTrials.gov,cardiovascular disease,Effect of Platelet Inhibition According to Clopidogrel Dose in Patients With Chronic Kidney Disease. Conditions: Chronic Kidney Disease; Stable Angina. Impaired renal function is associated with reduced responsiveness to clopidogrel. There are no studies which have shown a means by which to overcome platelet hyporesponsiveness in patients with chronic kidney disease (CKD). The purpose of this study was to determine the functional impact of cilostazol in patients with CKD undergoing hemodialysis.
NCT00839670,Light Constraint Induced Therapy Experiment,https://clinicaltrials.gov/study/NCT00839670,Stroke,The purpose of this trial is to compare the effect of a modified constraint induced therapy to the treatment described originally by Taub et al.. This study will determine if LICITE will lead to similar improvements than the original described method.,ClinicalTrials.gov,cardiovascular disease,Light Constraint Induced Therapy Experiment. Conditions: Stroke. The purpose of this trial is to compare the effect of a modified constraint induced therapy to the treatment described originally by Taub et al.. This study will determine if LICITE will lead to similar improvements than the original described method.
NCT01864369,Canadian e-Platform to Promote Behavioral Self-Management in Chronic Heart Failure: CHF-CePPORT,https://clinicaltrials.gov/study/NCT01864369,Heart Failure,"Chronic Heart Failure (CHF) is a growing public health issue in Canada. Hospital re-admission within 1-year after diagnosis is 25-40%, and the 5-year rate of CHF death is 50%. Counseling by multidisciplinary health care teams helps CHF patients to improve self-care behaviors (for medications, diet, exercise, smoking cessation and symptom monitoring), and this reduces the rate of death and CHF hospitalization. In the absence of intervention, patient adherence to these behaviors is below recommended standards and quality of life among CHF patients becomes progressively compromised. A major challenge is to make self-care counseling available without overtaxing health care resources.

This year multicenter clinical trial will establish and evaluate a Canadian e-platform that provides multidisciplinary e-counseling to help patients with CHF to initiate and maintain recommended self-care behaviors. The investigators will recruit 298 CHF patients in Toronto, Montreal and Vancouver. The investigators hypothesize that a 12-month program of e-Counseling + Usual Care versus general eInfo + Usual Care will improve quality of life, self-care behaviors, program engagement, and heart health. This proposal is based upon previous clinical trials in CHF, e-health and preventive lifestyle counseling by our team. The novel contribution of this research is that it will establish an infrastructure for a pan-Canadian e-platform in preventive e-counseling for CHF. A key feature of this proposal is that our multidisciplinary team will work with professional heart health organizations to share our findings and e-health resources with the public and other health care professionals in Canada, which will help to galvanize research and clinical work in eCounseling. Our clinical trial will strengthen eCounseling services in order to improve the quality of life of patients with CHF.",ClinicalTrials.gov,cardiovascular disease,"Canadian e-Platform to Promote Behavioral Self-Management in Chronic Heart Failure: CHF-CePPORT. Conditions: Heart Failure. Chronic Heart Failure (CHF) is a growing public health issue in Canada. Hospital re-admission within 1-year after diagnosis is 25-40%, and the 5-year rate of CHF death is 50%. Counseling by multidisciplinary health care teams helps CHF patients to improve self-care behaviors (for medications, diet, exercise, smoking cessation and symptom monitoring), and this reduces the rate of death and CHF hospitalization. In the absence of intervention, patient adherence to these behaviors is below recommended standards and quality of life among CHF patients becomes progressively compromised. A major challenge is to make self-care counseling available without overtaxing health care resources.

This year multicenter clinical trial will establish and evaluate a Canadian e-platform that provides multidisciplinary e-counseling to help patients with CHF to initiate and maintain recommended self-care behaviors. The investigators will recruit 298 CHF patients in Toronto, Montreal and Vancouver. The investigators hypothesize that a 12-month program of e-Counseling + Usual Care versus general eInfo + Usual Care will improve quality of life, self-care behaviors, program engagement, and heart health. This proposal is based upon previous clinical trials in CHF, e-health and preventive lifestyle counseling by our team. The novel contribution of this research is that it will establish an infrastructure for a pan-Canadian e-platform in preventive e-counseling for CHF. A key feature of this proposal is that our multidisciplinary team will work with professional heart health organizations to share our findings and e-health resources with the public and other health care professionals in Canada, which will help to galvanize research and clinical work in eCounseling. Our clinical trial will strengthen eCounseling services in order to improve the quality of life of patients with CHF."
NCT01529554,Controlled Level EVERolimus in Acute Coronary Syndromes,https://clinicaltrials.gov/study/NCT01529554,Acute Coronary Syndromes,"Acute myocardial infarction (AMI) constitutes the major cause of death in most nations and death rates and morbidity remain substantial in the years thereafter. Inflammation is a hallmark throughout the distinct stages of atherosclerotic lesion formation preceding AMI as well as at the time of plaque rupture and during the post-infarct repair phase. Harnessing its harmful consequences constitutes an attractive therapeutic approach to address this unmet medical need.

The objectives of this study are to evaluate the effects of mTOR inhibition (everolimus) on infarct size, myocardial function and inflammation in patients with ST-Elevation Myocardial Infarction.

The efficacy objectives are:

1. (1° endpoint):

   To assess the effect of mTOR inhibition (everolimus) on myocardial infarct size as change from baseline (12-72 hours after percutaneous coronary intervention) to 30 days follow-up measured by MRI (Late Gadolinium Enhancement (LGE) for transmurality).
2. (2° endpoint):

   To evaluate microvascular obstruction (MVO) as change from baseline (12-72 hours after percutaneous coronary intervention) to 30 days follow-up evaluated by MRI.
3. (3° endpoints):

   1. Change of left ventricular volume from baseline (12-72 hours after percutaneous coronary intervention) to 30 days follow-up measured by MRI.
   2. Change of biomarkers from time of coronary angiography to 30 days follow-up including a time-course (AUC). Biomarkers comprise hs-TnT, NT-proBNP, hs-CRP, IL-6 and inflammatory biomarkers OPG, sRANKL, OPN and CCN1.

The safety objectives are:

To explore the effect of mTOR inhibition (everolimus) on several clinical and safety laboratory parameters including plasma lipid levels and blood count. This will be complemented by analysis of inflammatory cell subsets in coronary thrombi and peripheral blood (CD4+ T helper lymphocyte subsets, monocyte subsets).",ClinicalTrials.gov,cardiovascular disease,"Controlled Level EVERolimus in Acute Coronary Syndromes. Conditions: Acute Coronary Syndromes. Acute myocardial infarction (AMI) constitutes the major cause of death in most nations and death rates and morbidity remain substantial in the years thereafter. Inflammation is a hallmark throughout the distinct stages of atherosclerotic lesion formation preceding AMI as well as at the time of plaque rupture and during the post-infarct repair phase. Harnessing its harmful consequences constitutes an attractive therapeutic approach to address this unmet medical need.

The objectives of this study are to evaluate the effects of mTOR inhibition (everolimus) on infarct size, myocardial function and inflammation in patients with ST-Elevation Myocardial Infarction.

The efficacy objectives are:

1. (1° endpoint):

   To assess the effect of mTOR inhibition (everolimus) on myocardial infarct size as change from baseline (12-72 hours after percutaneous coronary intervention) to 30 days follow-up measured by MRI (Late Gadolinium Enhancement (LGE) for transmurality).
2. (2° endpoint):

   To evaluate microvascular obstruction (MVO) as change from baseline (12-72 hours after percutaneous coronary intervention) to 30 days follow-up evaluated by MRI.
3. (3° endpoints):

   1. Change of left ventricular volume from baseline (12-72 hours after percutaneous coronary intervention) to 30 days follow-up measured by MRI.
   2. Change of biomarkers from time of coronary angiography to 30 days follow-up including a time-course (AUC). Biomarkers comprise hs-TnT, NT-proBNP, hs-CRP, IL-6 and inflammatory biomarkers OPG, sRANKL, OPN and CCN1.

The safety objectives are:

To explore the effect of mTOR inhibition (everolimus) on several clinical and safety laboratory parameters including plasma lipid levels and blood count. This will be complemented by analysis of inflammatory cell subsets in coronary thrombi and peripheral blood (CD4+ T helper lymphocyte subsets, monocyte subsets)."
NCT01818505,"The Influence of Antiphospholipid Antibodies on the Relationship Between Hyperurecemia, Gout and Metabolic Syndrome",https://clinicaltrials.gov/study/NCT01818505,Antiphospholipid Syndrome; Endothelial Dysfunction; Hyperuricemia; Gout; Metabolic Syndrome,"Patients with hyperuricemia were confirmed to have higher risks of cardiovascular disease, but the exact mechanism remained to be elucidated. Many connective tissue diseases such as rheumatoid arthritis are often associated with antiphospholipid antibodies-associated endothelial impairment. In the present study, the investigators will analyze the presence of antiphospholipid antibodies in the serum of the patients with gout/asymptomatic hyperuricemia, with a comparison to the patients of osteoarthritis but without hyperuricemia and gout. The investigators expect to find a correlation between these pathogenic antibody and those cardiovascular co-morbidities.",ClinicalTrials.gov,cardiovascular disease,"The Influence of Antiphospholipid Antibodies on the Relationship Between Hyperurecemia, Gout and Metabolic Syndrome. Conditions: Antiphospholipid Syndrome; Endothelial Dysfunction; Hyperuricemia; Gout; Metabolic Syndrome. Patients with hyperuricemia were confirmed to have higher risks of cardiovascular disease, but the exact mechanism remained to be elucidated. Many connective tissue diseases such as rheumatoid arthritis are often associated with antiphospholipid antibodies-associated endothelial impairment. In the present study, the investigators will analyze the presence of antiphospholipid antibodies in the serum of the patients with gout/asymptomatic hyperuricemia, with a comparison to the patients of osteoarthritis but without hyperuricemia and gout. The investigators expect to find a correlation between these pathogenic antibody and those cardiovascular co-morbidities."
NCT00943254,Metabolic Syndrome Diagnosis and Education Trial,https://clinicaltrials.gov/study/NCT00943254,Metabolic Cardiovascular Syndrome,"This study is being done to gain knowledge on how effective different approaches of providing a diagnosis and varying educational tools that include DVDs and multimedia or printed instruction sheets on your readiness to increase the subject's level of exercise, lose more weight, eat a healthier diet; and to assess the subject's awareness of their risk of heart disease and their readiness to participate in a comprehensive lifestyle modification program.",ClinicalTrials.gov,cardiovascular disease,"Metabolic Syndrome Diagnosis and Education Trial. Conditions: Metabolic Cardiovascular Syndrome. This study is being done to gain knowledge on how effective different approaches of providing a diagnosis and varying educational tools that include DVDs and multimedia or printed instruction sheets on your readiness to increase the subject's level of exercise, lose more weight, eat a healthier diet; and to assess the subject's awareness of their risk of heart disease and their readiness to participate in a comprehensive lifestyle modification program."
NCT05474105,Multi-Nutrient Supplementation as a Therapeutic Intervention in Ischaemic Stroke,https://clinicaltrials.gov/study/NCT05474105,Ischemic Stroke,"Stroke is a significant cause of morbidity and disability worldwide. As the population ages, the economic impact of stroke is becoming substantial. In the United Kingdom, the stroke estimated cost is £26 billion a year. A stroke occurs every 5 minutes, which is \>100,000 strokes in the United Kingdom each year. The current treatments available are very limited and 80% of acute stroke patients suffer from persistent impaired activities of daily living (ADL) and compromised quality of life (QoL).The brain function recovery involves creating new neural connections. This neuroplasticity could be supported by specific interventions. This study aims to explore a new approach which endeavours to support the restoration of lost function. Previous pre-clinical work from the investigator's research group and others on different models of acquired brain injury, e.g. traumatic brain injury and ischemic stroke showed that an intervention with a specialised multi-nutrient medical food, could improve neurological recovery and protect the nervous tissue after injury. This has led to the design of the present proposal for a feasibility study using this oral nutritional supplement in ischaemic stroke. The investigators aim to recruit adult inpatients, suffering from acute ischemic stroke, divided into two groups. One group receives standard National Health Service (NHS) care + a daily oral nutritional supplement (ONS), while the other group (control group) will be given standard NHS care. The investigators will explore various outcomes, including changes in activities of daily living (ADL), quality of life (QoL), fatigue, cognition, malnutrition, nutrient status and plasma biomarkers relevant to stroke. The primary aim of this pilot study will be to assess the feasibility of this type of intervention in stroke patients, so that the investigators can subsequently plan a large trial, with a series of focused outcomes which will be informed by this pilot trial.",ClinicalTrials.gov,cardiovascular disease,"Multi-Nutrient Supplementation as a Therapeutic Intervention in Ischaemic Stroke. Conditions: Ischemic Stroke. Stroke is a significant cause of morbidity and disability worldwide. As the population ages, the economic impact of stroke is becoming substantial. In the United Kingdom, the stroke estimated cost is £26 billion a year. A stroke occurs every 5 minutes, which is \>100,000 strokes in the United Kingdom each year. The current treatments available are very limited and 80% of acute stroke patients suffer from persistent impaired activities of daily living (ADL) and compromised quality of life (QoL).The brain function recovery involves creating new neural connections. This neuroplasticity could be supported by specific interventions. This study aims to explore a new approach which endeavours to support the restoration of lost function. Previous pre-clinical work from the investigator's research group and others on different models of acquired brain injury, e.g. traumatic brain injury and ischemic stroke showed that an intervention with a specialised multi-nutrient medical food, could improve neurological recovery and protect the nervous tissue after injury. This has led to the design of the present proposal for a feasibility study using this oral nutritional supplement in ischaemic stroke. The investigators aim to recruit adult inpatients, suffering from acute ischemic stroke, divided into two groups. One group receives standard National Health Service (NHS) care + a daily oral nutritional supplement (ONS), while the other group (control group) will be given standard NHS care. The investigators will explore various outcomes, including changes in activities of daily living (ADL), quality of life (QoL), fatigue, cognition, malnutrition, nutrient status and plasma biomarkers relevant to stroke. The primary aim of this pilot study will be to assess the feasibility of this type of intervention in stroke patients, so that the investigators can subsequently plan a large trial, with a series of focused outcomes which will be informed by this pilot trial."
NCT06174766,A Study to Evaluate Efficacy and Safety of HGP2102 in Essential Hypertension Patients,https://clinicaltrials.gov/study/NCT06174766,Hypertension,"A Multicenter, Randomized, Double-blind, Phase 3 Study to Evaluate the Efficacy and Safety of HGP2102 in patients with Essential Hypertension",ClinicalTrials.gov,cardiovascular disease,"A Study to Evaluate Efficacy and Safety of HGP2102 in Essential Hypertension Patients. Conditions: Hypertension. A Multicenter, Randomized, Double-blind, Phase 3 Study to Evaluate the Efficacy and Safety of HGP2102 in patients with Essential Hypertension"
NCT05293561,Cognitive Impact in Patients With COVID-19 Infection,https://clinicaltrials.gov/study/NCT05293561,Cognitive Impairment; COVID-19 Respiratory Infection,"SARS-COV-2 (severe acute respiratory syndrome- corona virus - 2) infection reframed medical knowledge in many aspects, yet there is still a lot to be discovered. Coronavirus disease 19 (COVID-19) can cause neuropsychiatric, psychological and psychosocial impairments. Literature regarding cognitive impact of COVID-19 is still limited.

Objective: evaluation of cognitive function, anxiety and depression among patients with Coronavirus disease 19.",ClinicalTrials.gov,depression,"Cognitive Impact in Patients With COVID-19 Infection. Conditions: Cognitive Impairment; COVID-19 Respiratory Infection. SARS-COV-2 (severe acute respiratory syndrome- corona virus - 2) infection reframed medical knowledge in many aspects, yet there is still a lot to be discovered. Coronavirus disease 19 (COVID-19) can cause neuropsychiatric, psychological and psychosocial impairments. Literature regarding cognitive impact of COVID-19 is still limited.

Objective: evaluation of cognitive function, anxiety and depression among patients with Coronavirus disease 19."
NCT04313686,Mindfulness-based Intervention to Promote Psychological Wellbeing in People With Epilepsy,https://clinicaltrials.gov/study/NCT04313686,Epilepsy; Brain Diseases; Central Nervous System Diseases; Nervous System Diseases,"The efficacy of mindfulness-based intervention (MBI) for epilepsy has yet to be thoroughly investigated. Hence, the aim of the present study is to examine the effects of MBI on the psychological wellbeing of people with epilepsy (PWE) using a randomized trial design. Key outcomes include depression, anxiety and quality of life. Our primary objective was to evaluate the effect of mindfulness-based therapy on anxiety, depression, epilepsy specific QOL, and life satisfaction in PWE, applying the concept of Reliable Change Index. The secondary objective was to assess whether the results correlate with the level of mindfulness. Study results may be used to decide whether it is worth offering mindfulness training for PWE as an alternative therapy to cope and improve seizure management.",ClinicalTrials.gov,depression,"Mindfulness-based Intervention to Promote Psychological Wellbeing in People With Epilepsy. Conditions: Epilepsy; Brain Diseases; Central Nervous System Diseases; Nervous System Diseases. The efficacy of mindfulness-based intervention (MBI) for epilepsy has yet to be thoroughly investigated. Hence, the aim of the present study is to examine the effects of MBI on the psychological wellbeing of people with epilepsy (PWE) using a randomized trial design. Key outcomes include depression, anxiety and quality of life. Our primary objective was to evaluate the effect of mindfulness-based therapy on anxiety, depression, epilepsy specific QOL, and life satisfaction in PWE, applying the concept of Reliable Change Index. The secondary objective was to assess whether the results correlate with the level of mindfulness. Study results may be used to decide whether it is worth offering mindfulness training for PWE as an alternative therapy to cope and improve seizure management."
NCT01396486,Inositol and Omega-3 Fatty Acids in Pediatric Mania,https://clinicaltrials.gov/study/NCT01396486,Pediatric Bipolar Spectrum Disorders,"The purpose of this study is to a) evaluate the efficacy of omega-3 fatty acids versus inositol in the treatment of pediatric bipolar disorder, b) evaluate the efficacy of omega-3 fatty acid plus inositol in the treatment of pediatric bipolar disorder, and c) assess the side effect profile of omega-3 fatty acids plus inositol. This study will be a 12-week trial with children ages 5-12 years old with bipolar spectrum disorders.",ClinicalTrials.gov,depression,"Inositol and Omega-3 Fatty Acids in Pediatric Mania. Conditions: Pediatric Bipolar Spectrum Disorders. The purpose of this study is to a) evaluate the efficacy of omega-3 fatty acids versus inositol in the treatment of pediatric bipolar disorder, b) evaluate the efficacy of omega-3 fatty acid plus inositol in the treatment of pediatric bipolar disorder, and c) assess the side effect profile of omega-3 fatty acids plus inositol. This study will be a 12-week trial with children ages 5-12 years old with bipolar spectrum disorders."
NCT06887569,"Using Financial Incentives and Screening to Increase Engagement With Mental Health Services Among College Students in Chennai, India",https://clinicaltrials.gov/study/NCT06887569,Depression/Anxiety,"This study will evaluate the effectiveness of interventions to increase engagement with mental health services among a sample of college students in Chennai, India. The study is being conducted in partnership with an arts and science college for women in Chennai. The sample will be recruited within classrooms, during college hours. All students present in the classroom per the allotted time will be introduced to the study. The research team will obtain consent from those interested after screening them for age eligibility (between the ages of 18 and 30 years). Study participants will then complete a baseline survey including questions around demographics, perceptions of their own mental health, mental health treatment history, and the PHQ-ADS, a standardized composite screening tool for depression and anxiety. The experimental design is an RCT with 4 groups, randomized at the individual level: (1) a control group, which will watch a video with information about mental health and be able to access therapy in college and at SCARF, a mental health center in Chennai, at no cost for the duration of the study; (2) a screening group, in which, in addition to the interventions in the control group, students will be informed whether their responses to the PHQ-ADS questions fit in the standard risk categories of no, mild, moderate, or severe distress and corresponding recommendations for whether to make an appointment with a counselor/therapist; (3) a rewards group, in which, in addition to the interventions in the control group, students will be provided with a cash payment for attending their first therapy session; and (4) a combined screening and rewards group. The investigators will measure interest in, and take-up of, therapy at the individual level.",ClinicalTrials.gov,depression,"Using Financial Incentives and Screening to Increase Engagement With Mental Health Services Among College Students in Chennai, India. Conditions: Depression/Anxiety. This study will evaluate the effectiveness of interventions to increase engagement with mental health services among a sample of college students in Chennai, India. The study is being conducted in partnership with an arts and science college for women in Chennai. The sample will be recruited within classrooms, during college hours. All students present in the classroom per the allotted time will be introduced to the study. The research team will obtain consent from those interested after screening them for age eligibility (between the ages of 18 and 30 years). Study participants will then complete a baseline survey including questions around demographics, perceptions of their own mental health, mental health treatment history, and the PHQ-ADS, a standardized composite screening tool for depression and anxiety. The experimental design is an RCT with 4 groups, randomized at the individual level: (1) a control group, which will watch a video with information about mental health and be able to access therapy in college and at SCARF, a mental health center in Chennai, at no cost for the duration of the study; (2) a screening group, in which, in addition to the interventions in the control group, students will be informed whether their responses to the PHQ-ADS questions fit in the standard risk categories of no, mild, moderate, or severe distress and corresponding recommendations for whether to make an appointment with a counselor/therapist; (3) a rewards group, in which, in addition to the interventions in the control group, students will be provided with a cash payment for attending their first therapy session; and (4) a combined screening and rewards group. The investigators will measure interest in, and take-up of, therapy at the individual level."
NCT06775054,Cognitive Flexibility in Depression and TMS Response,https://clinicaltrials.gov/study/NCT06775054,Depression - Major Depressive Disorder; Cognitive Flexibility; Treatment Response; Side Effects,"The primary aim of this study is to determine the level of cognitive flexibility in patients with TRD before treatment and to explore whether there is a relationship with their response to TMS treatment. More specifically, the study aims to identify the role of cognitive flexibility as a neurocognitive marker that could predict whether patients planned to undergo TMS treatment will respond to the treatment. The main focus of this study is to ascertain whether the data obtained have practical implications, particularly regarding the identification of TRD patients who do not respond to TMS treatment in advance.",ClinicalTrials.gov,depression,"Cognitive Flexibility in Depression and TMS Response. Conditions: Depression - Major Depressive Disorder; Cognitive Flexibility; Treatment Response; Side Effects. The primary aim of this study is to determine the level of cognitive flexibility in patients with TRD before treatment and to explore whether there is a relationship with their response to TMS treatment. More specifically, the study aims to identify the role of cognitive flexibility as a neurocognitive marker that could predict whether patients planned to undergo TMS treatment will respond to the treatment. The main focus of this study is to ascertain whether the data obtained have practical implications, particularly regarding the identification of TRD patients who do not respond to TMS treatment in advance."
NCT02112266,Depression Online Assessment and Therapy,https://clinicaltrials.gov/study/NCT02112266,Depression,"One Aim of the current study is to better understand why some patients suffering from depression do not seek professional help by doctors but in the internet.

Furthermore patients with depression will receive Online Therapy for depression. Aim of this part of the study is to investigate whether quality of life changes accordingly to improvement of symptoms after online therapy.",ClinicalTrials.gov,depression,"Depression Online Assessment and Therapy. Conditions: Depression. One Aim of the current study is to better understand why some patients suffering from depression do not seek professional help by doctors but in the internet.

Furthermore patients with depression will receive Online Therapy for depression. Aim of this part of the study is to investigate whether quality of life changes accordingly to improvement of symptoms after online therapy."
NCT06789731,Mindfulness-Based Interventions Targeting First-Generation College Student Retention in Rural Environments,https://clinicaltrials.gov/study/NCT06789731,Depression; Anxiety,"The goal of this randomized control group is to learn about effective treatments for college students experiencing anxiety and/or depression. The main questions this clinical trial aims to answer are: 1) Can mindfulness-based treatments increase retention rates among first-generation college students? 1) Can mindfulness-based treatments decrease anxiety and/or depression among first-generation college students?

Participants will be randomly assigned to one of two intervention groups: mindfulness meditation or psychoeducation. Researchers will compare outcomes from each group to explore treatment differences.",ClinicalTrials.gov,depression,"Mindfulness-Based Interventions Targeting First-Generation College Student Retention in Rural Environments. Conditions: Depression; Anxiety. The goal of this randomized control group is to learn about effective treatments for college students experiencing anxiety and/or depression. The main questions this clinical trial aims to answer are: 1) Can mindfulness-based treatments increase retention rates among first-generation college students? 1) Can mindfulness-based treatments decrease anxiety and/or depression among first-generation college students?

Participants will be randomly assigned to one of two intervention groups: mindfulness meditation or psychoeducation. Researchers will compare outcomes from each group to explore treatment differences."
NCT06308653,Psilocybin for Major Depressive Disorder (MDD),https://clinicaltrials.gov/study/NCT06308653,"Depressive Disorder, Major","Approximately 240 eligible adult participants (≥18 years old) who meet Diagnostic and Statistical Manual of Mental Disorders (DSM-5-TR) criteria for Major Depressive Disorder (MDD) will be enrolled. Participants will be randomly assigned to receive a single oral dose of Psilocybin 25 mg, Psilocybin 5 mg, or inactive placebo.

The purpose of this study is to evaluate the efficacy, safety, and tolerability of Psilocybin 25 mg versus placebo in adults with MDD, as assessed by the difference between groups in change in depressive symptoms from Baseline to Day 43 post-dose, and to characterize the durability of initial treatment effect and subsequent response to optional Psilocybin 25 mg re-administration(s) during the 1-year Follow-up Period.",ClinicalTrials.gov,depression,"Psilocybin for Major Depressive Disorder (MDD). Conditions: Depressive Disorder, Major. Approximately 240 eligible adult participants (≥18 years old) who meet Diagnostic and Statistical Manual of Mental Disorders (DSM-5-TR) criteria for Major Depressive Disorder (MDD) will be enrolled. Participants will be randomly assigned to receive a single oral dose of Psilocybin 25 mg, Psilocybin 5 mg, or inactive placebo.

The purpose of this study is to evaluate the efficacy, safety, and tolerability of Psilocybin 25 mg versus placebo in adults with MDD, as assessed by the difference between groups in change in depressive symptoms from Baseline to Day 43 post-dose, and to characterize the durability of initial treatment effect and subsequent response to optional Psilocybin 25 mg re-administration(s) during the 1-year Follow-up Period."
NCT05697172,Low Intensity Ultrasound Neuromodulation of Repetitive Negative Thinking In Depression,https://clinicaltrials.gov/study/NCT05697172,Major Depressive Disorder,"The investigators propose to use low-intensity transcranial focused ultrasound (LIFU), a novel neuromodulation method, to probe the causal involvement of individually defined components of an anteromedial brain circuit in the processing of self-referential thoughts, and the production of repetitive negative thinking (RNT), a prominent transdiagnostic manifestation with adverse clinical consequences. The investigators hypothesize that real vs. sham low-intensity sonication of individually-defined anteromedial structures connecting medial orbitofrontal and anterior cingulate cortices with ventral striatum and anterior thalamus will show reduced initiation or maintenance of RNT as measured by (1) Brief State Rumination Inventory (BSRI) scores and distress associated to repetitive negative thoughts, and (2) improvement of the affective valence associated to self-referential adjectives, and that these changes will be associated with decreased connectivity between structures mentioned above. The present early feasibility study is an initial step that aims to determine its feasibility and help with the planning of a larger study addressed at actual hypothesis testing.",ClinicalTrials.gov,depression,"Low Intensity Ultrasound Neuromodulation of Repetitive Negative Thinking In Depression. Conditions: Major Depressive Disorder. The investigators propose to use low-intensity transcranial focused ultrasound (LIFU), a novel neuromodulation method, to probe the causal involvement of individually defined components of an anteromedial brain circuit in the processing of self-referential thoughts, and the production of repetitive negative thinking (RNT), a prominent transdiagnostic manifestation with adverse clinical consequences. The investigators hypothesize that real vs. sham low-intensity sonication of individually-defined anteromedial structures connecting medial orbitofrontal and anterior cingulate cortices with ventral striatum and anterior thalamus will show reduced initiation or maintenance of RNT as measured by (1) Brief State Rumination Inventory (BSRI) scores and distress associated to repetitive negative thoughts, and (2) improvement of the affective valence associated to self-referential adjectives, and that these changes will be associated with decreased connectivity between structures mentioned above. The present early feasibility study is an initial step that aims to determine its feasibility and help with the planning of a larger study addressed at actual hypothesis testing."
NCT03965572,Factors and Outcomes Associated With Postpartum Cabergoline Use,https://clinicaltrials.gov/study/NCT03965572,Lactation Suppressed; Cabergoline Adverse Reaction; Postpartum DVT; Postpartum Depression,"Cabergoline is frequently being requested by many postpartum women with a live newborn to suppress lactation. The aim of the study is to investigate which women desire such an intervention, and what side effects they are experiencing.",ClinicalTrials.gov,depression,"Factors and Outcomes Associated With Postpartum Cabergoline Use. Conditions: Lactation Suppressed; Cabergoline Adverse Reaction; Postpartum DVT; Postpartum Depression. Cabergoline is frequently being requested by many postpartum women with a live newborn to suppress lactation. The aim of the study is to investigate which women desire such an intervention, and what side effects they are experiencing."
NCT04434261,Oncological Surgery in Times of COVID-19: Effectiveness of Preoperative Screening for Sars-Cov-2,https://clinicaltrials.gov/study/NCT04434261,SARS-CoV-2; Oncology; Surgery,"To evaluate the incidence of patients with a positive test for SARS-CoV-2, performed in the preoperative screening for patients treated at the institution",ClinicalTrials.gov,surgery,"Oncological Surgery in Times of COVID-19: Effectiveness of Preoperative Screening for Sars-Cov-2. Conditions: SARS-CoV-2; Oncology; Surgery. To evaluate the incidence of patients with a positive test for SARS-CoV-2, performed in the preoperative screening for patients treated at the institution"
NCT06745427,A Multi-center Prospective Study on the Oncological and Reproductive Outcomes and Quality of Life in Young Woman After Fertility-sparing Treatment of Endometrial Cancer and Endometrial Intraepithelial Hyperplasia,https://clinicaltrials.gov/study/NCT06745427,Endometrial Cancer; Endometrial Intraepithelial Neoplasia; Fertility-sparing Surgery,We will investigate the safety and efficiency of fertility-sapring treatment in ypung women witg endometrial cancer and endometrial intraepithelial hyperplasia,ClinicalTrials.gov,surgery,A Multi-center Prospective Study on the Oncological and Reproductive Outcomes and Quality of Life in Young Woman After Fertility-sparing Treatment of Endometrial Cancer and Endometrial Intraepithelial Hyperplasia. Conditions: Endometrial Cancer; Endometrial Intraepithelial Neoplasia; Fertility-sparing Surgery. We will investigate the safety and efficiency of fertility-sapring treatment in ypung women witg endometrial cancer and endometrial intraepithelial hyperplasia
NCT01658761,Surgical Outcome of Vitrectomy for Myopic Traction Maculopathy in Highly Myopic Eyes,https://clinicaltrials.gov/study/NCT01658761,Maculopathy; High Myopia; Surgery,Surgical outcome of vitrectomy for myopic traction maculopathy in highly myopic eyes was evaluated in each stage. Efficacy of internal limiting membrane was also evaluated whether it may improve visual outcome.,ClinicalTrials.gov,surgery,Surgical Outcome of Vitrectomy for Myopic Traction Maculopathy in Highly Myopic Eyes. Conditions: Maculopathy; High Myopia; Surgery. Surgical outcome of vitrectomy for myopic traction maculopathy in highly myopic eyes was evaluated in each stage. Efficacy of internal limiting membrane was also evaluated whether it may improve visual outcome.
NCT05452161,"Effects of Preoperative Education, and Follow-up Sessions of Patients With Total Hip and Knee Arthroplasty (ESIPPES)",https://clinicaltrials.gov/study/NCT05452161,"Arthroplasty, Replacement, Hip; Arthroplasty, Replacement, Knee","The shortening of the length of stay implies rethinking the perioperative management (around the operative period), which precedes and immediately follows the operation, in order to ensure a good preparation of the patient and an adequate postoperative follow-up.

The aim of this study is to evaluate the effect on the length of stay of adding an individualized preoperative preparation and education session to the current protocol in the musculoskeletal department at the CHUV in patients undergoing total hip or knee replacement surgery.

The implementation of a targeted, low-impact immediate postoperative follow-up could contribute to improving the detection of complications, preventing avoidable readmissions, improving the management of pain and adverse events, supporting the patient and responding to difficulties encountered in the patient's living environment. However, the actual added value for the patient and for the healthcare system has yet to be specified. As patients' needs and resources vary, it would also be useful to better determine the profile of patients for whom a pre- and postoperative session provides significant added value.",ClinicalTrials.gov,surgery,"Effects of Preoperative Education, and Follow-up Sessions of Patients With Total Hip and Knee Arthroplasty (ESIPPES). Conditions: Arthroplasty, Replacement, Hip; Arthroplasty, Replacement, Knee. The shortening of the length of stay implies rethinking the perioperative management (around the operative period), which precedes and immediately follows the operation, in order to ensure a good preparation of the patient and an adequate postoperative follow-up.

The aim of this study is to evaluate the effect on the length of stay of adding an individualized preoperative preparation and education session to the current protocol in the musculoskeletal department at the CHUV in patients undergoing total hip or knee replacement surgery.

The implementation of a targeted, low-impact immediate postoperative follow-up could contribute to improving the detection of complications, preventing avoidable readmissions, improving the management of pain and adverse events, supporting the patient and responding to difficulties encountered in the patient's living environment. However, the actual added value for the patient and for the healthcare system has yet to be specified. As patients' needs and resources vary, it would also be useful to better determine the profile of patients for whom a pre- and postoperative session provides significant added value."
NCT04485442,Patient Reported Outcome Measures After Treatment of Skin Cancers on the Face,https://clinicaltrials.gov/study/NCT04485442,Skin Cancer,This study is to evaluate the psychological well-being in patients diagnosed with skin cancer (melanoma and Squamous Cell Carcinoma (SCC) in the face) at the time of diagnosis and after treatment. Patients diagnosed with primary melanoma and/or SCC and/or infiltrative basal cell carcinoma on the face subjected to surgical treatment (excision or Mohs Surgery) will be included. All patients will receive questionnaires.,ClinicalTrials.gov,surgery,Patient Reported Outcome Measures After Treatment of Skin Cancers on the Face. Conditions: Skin Cancer. This study is to evaluate the psychological well-being in patients diagnosed with skin cancer (melanoma and Squamous Cell Carcinoma (SCC) in the face) at the time of diagnosis and after treatment. Patients diagnosed with primary melanoma and/or SCC and/or infiltrative basal cell carcinoma on the face subjected to surgical treatment (excision or Mohs Surgery) will be included. All patients will receive questionnaires.
NCT03190642,Prospective Evaluation of Perioperative Steroid Dosing on Postsurgical Edema in Orthognathic Surgery,https://clinicaltrials.gov/study/NCT03190642,Post-operative Edema; Steroid Use,"The current standard of care at the Oral and Maxillofacial Department at the CDHA is the use of one gram of methylprednisolone administered intravenously prior to orthognathic surgery. This is largely based on the work of Habal. The administration of one gram of methylprednisolone can be concerning for the anesthesiologist since this is an unusually large dose of steroid in comparison to use in other surgical specialties. As with most medications, the chances of steroid-related complications increase with increasing doses of steroids.

The researchers are proposing a prospective, double-blind randomized control trial to determine if a smaller dose of methylprednisolone (125mg) can be used safely and effectively instead of one gram of methylprednisolone.",ClinicalTrials.gov,surgery,"Prospective Evaluation of Perioperative Steroid Dosing on Postsurgical Edema in Orthognathic Surgery. Conditions: Post-operative Edema; Steroid Use. The current standard of care at the Oral and Maxillofacial Department at the CDHA is the use of one gram of methylprednisolone administered intravenously prior to orthognathic surgery. This is largely based on the work of Habal. The administration of one gram of methylprednisolone can be concerning for the anesthesiologist since this is an unusually large dose of steroid in comparison to use in other surgical specialties. As with most medications, the chances of steroid-related complications increase with increasing doses of steroids.

The researchers are proposing a prospective, double-blind randomized control trial to determine if a smaller dose of methylprednisolone (125mg) can be used safely and effectively instead of one gram of methylprednisolone."
NCT00849186,Sunitinib and Surgery in Treating Patients With Localized or Metastatic Kidney Cancer,https://clinicaltrials.gov/study/NCT00849186,Kidney Cancer,"RATIONALE: Sunitinib may stop the growth of tumor cells by blocking some of the enzymes needed for cell growth and by blocking blood flow to the tumor. Giving sunitinib before surgery may make the tumor smaller and reduce the amount of normal tissue that needs to be removed.

PURPOSE: This clinical trial is studying the side effects of giving sunitinib before surgery and to see how well it works in treating patients with localized or metastatic kidney cancer.",ClinicalTrials.gov,surgery,"Sunitinib and Surgery in Treating Patients With Localized or Metastatic Kidney Cancer. Conditions: Kidney Cancer. RATIONALE: Sunitinib may stop the growth of tumor cells by blocking some of the enzymes needed for cell growth and by blocking blood flow to the tumor. Giving sunitinib before surgery may make the tumor smaller and reduce the amount of normal tissue that needs to be removed.

PURPOSE: This clinical trial is studying the side effects of giving sunitinib before surgery and to see how well it works in treating patients with localized or metastatic kidney cancer."
NCT05023083,Cross Cultural Adaptation of Functional Status Questionnaire in Urdu Language in CABG Patients,https://clinicaltrials.gov/study/NCT05023083,CABG; Post-cardiac Surgery,"Aim of the study is to create an Urdu version of FSQ which will be of great importance for further research in field of cardiopulmonary physiotherapy, specially to make comparison across the population. We therefor aimed to develop a linguistically validated and reliable Urdu version of FSQ.",ClinicalTrials.gov,surgery,"Cross Cultural Adaptation of Functional Status Questionnaire in Urdu Language in CABG Patients. Conditions: CABG; Post-cardiac Surgery. Aim of the study is to create an Urdu version of FSQ which will be of great importance for further research in field of cardiopulmonary physiotherapy, specially to make comparison across the population. We therefor aimed to develop a linguistically validated and reliable Urdu version of FSQ."
NCT06490666,(∆PI) to Predict Post-spinal Anesthesia Hypotension,https://clinicaltrials.gov/study/NCT06490666,Spinal Anesthesia Hypotension,we aimed to evaluate the change in femoral artery pulsatility index as a predictor to post-spinal anesthesia hypotension,ClinicalTrials.gov,surgery,(∆PI) to Predict Post-spinal Anesthesia Hypotension. Conditions: Spinal Anesthesia Hypotension. we aimed to evaluate the change in femoral artery pulsatility index as a predictor to post-spinal anesthesia hypotension
NCT02620722,A New Technique for Determining Limb Occlusion Pressure,https://clinicaltrials.gov/study/NCT02620722,Tourniquet Safety and Effectiveness,"This study evaluates a novel technique for measuring the minimum pressure necessary to achieve a bloodless surgical field, known as a patient's limb occlusion pressure (LOP). Patients will have tourniquets applied to their arms and legs and LOP will be measured using the new technique and a gold standard Doppler ultrasound technique.",ClinicalTrials.gov,surgery,"A New Technique for Determining Limb Occlusion Pressure. Conditions: Tourniquet Safety and Effectiveness. This study evaluates a novel technique for measuring the minimum pressure necessary to achieve a bloodless surgical field, known as a patient's limb occlusion pressure (LOP). Patients will have tourniquets applied to their arms and legs and LOP will be measured using the new technique and a gold standard Doppler ultrasound technique."
